{
  "welcome_message": "ਮੂਫਾਰਮ, ਡੇਅਰੀ ਕਾ ਕੰਮ ਆਸਨ ਕਰੇ",
  "continue_button": "ਜਾਰੀ ਰੱਖੋ",

  "login_page_welcome" : "ਮੂਫਾਰਮ ਵਿੱਚ ਤੁਹਾਡਾ ਸਵਾਗਤ ਹੈ",
  "enter_Farmer_ID" : "ਕਿਸਾਨ ਆਈਡੀ ਦਾਖਲ ਕਰੋ",
  "enter_password" : "ਪਾਸਵਰਡ ਦਰਜ ਕਰੋ",
  "login" : "ਲਾਗਿਨ",
  "register" : "ਰਜਿਸਟਰ",
  "enter_name" : "ਨਾਮ ਦਰਜ ਕਰੋ",
  "set_farmer_id" : "ਯੂਜ਼ਰ ਆਈਡੀ/ਕਿਸਾਨ ਆਈਡੀ ਸੈੱਟ ਕਰੋ",
  "set_Password" : "ਪਾਸਵਰਡ ਸੈੱਟ ਕਰੋ", 
  "re_enter_passwd" : "ਪਾਸਵਰਡ ਦੋਬਾਰਾ ਭਰੋ",
  "forget_passwd" : "ਪਾਸਵਰਡ ਭੁੱਲ ਜਾਓ",
  "cow_id" : "ਗਊ ID",
  "click_here" : "ਇੱਥੇ ਕਲਿੱਕ ਕਰੋ",
  "submit" : "ਜਮ੍ਹਾਂ ਕਰੋ",
  "select_start_epoch" : "ਸ਼ੁਰੂਆਤੀ ਮਿਤੀ ਅਤੇ ਸਮਾਂ ਚੁਣੋ",
  "select_end_epoch" : "ਸਮਾਪਤੀ ਮਿਤੀ ਅਤੇ ਸਮਾਂ ਚੁਣੋ",
  "cow_activity_data" : "ਗਊ ਗਤੀਵਿਧੀ ਡੇਟਾ",
  "start_timestamp" : "ਸ਼ੁਰੂਆਤੀ ਸਮਾਂ",
  "end_timestamp" : "ਸਮਾਪਤੀ ਸਮਾਂ",
  "activity" : "ਸਰਗਰਮੀ",
  "fetched_data" : "ਪ੍ਰਾਪਤ ਕੀਤਾ ਡੇਟਾ",
  "my_cows" : "ਮੇਰੀਆਂ ਸਾਰੀਆਂ ਗਾਵਾਂ",
  "page" : "ਪੰਨਾ"

    
}
