{
  "welcome_message": "मूफार्म, डेयरी का काम आसान करे",
  "continue_button": "जारी रखें",

  "login_page_welcome" : "मूफार्म में आपका स्वागत है",
  "enter_Farmer_ID" : "किसान आईडी दर्ज करें",
  "enter_password" : "पास वर्ड दर्ज करें",
  "login" : "लॉग इन करें",
  "register" : "पंजीकरण करवाना",
  "enter_name" : "नाम दर्ज करें",
  "set_farmer_id" : "यूजर आईडी/किसान आईडी सेट करें",
  "set_Password" : "सांकेतिक शब्द लगना", 
  "re_enter_passwd" : "पासवर्ड फिर से दर्ज करें",
  "forget_passwd" : "पासवर्ड भूल गए",
  "cow_id" : "गाय की पहचान",
  "click_here" : "यहाँ क्लिक करें",
  "submit" : "जमा करना",
  "select_start_epoch" : "प्रारंभ दिनांक और समय चुनें",
  "select_end_epoch" : "अंतिम तिथि और समय चुनें",
  "cow_activity_data" : "गाय गतिविधि डेटा",
  "start_timestamp" : "समय शुरू",
  "end_timestamp" : "अंत समय",
  "activity" : "गतिविधि",
  "fetched_data" : "प्राप्त डेटा",
  "my_cows" : "मेरी सभी गायें",
  "page" : "पृष्ठ",

  "res": "खड़े होकर आराम करना",
  "rus" : "खड़े होकर चिंतन करना",
  "mov": "चलती",
  "fep": "Feeding",
  "drn" : "खिला",
  "lck": "चाटना",
  "rel": "लेटने में आराम",
  "uri": "मूत्र त्याग करना",
  "def" : "शौच",
  "att" : "हमला"



    
}
