{
  "welcome_message": "ਮੂਫਾਰਮ, ਡੇਅਰੀ ਦਾ ਕੰਮ ਆਸਾਨ ਕਰੋ",
  "continue_button": "ਜਾਰੀ ਰੱਖੋ",

  "login_page_welcome" : "ਮੂਫਾਰਮ ਵਿੱਚ ਤੁਹਾਡਾ ਸਵਾਗਤ ਹੈ",
  "enter_Farmer_ID" : "ਕਿਸਾਨ ਆਈਡੀ ਦਾਖਲ ਕਰੋ",
  "enter_password" : "ਪਾਸਵਰਡ ਦਰਜ ਕਰੋ",
  "login" : "ਲੋਗ ਇਨ",
  "register" : "ਰਜਿਸਟਰ",
  "enter_name" : "ਨਾਮ ਦਰਜ ਕਰੋ",
  "set_farmer_id" : "ਉਪਭੋਗਤਾ ਆਈਡੀ/ਕਿਸਾਨ ਆਈਡੀ ਸੈੱਟ ਕਰੋ",
  "set_Password" : "ਪਾਸਵਰਡ ਸੈੱਟ ਕਰੋ", 
  "re_enter_passwd" : "ਪਾਸਵਰਡ ਦੋਬਾਰਾ ਭਰੋ",
  "forget_passwd" : "ਪਾਸਵਰਡ ਭੁੱਲ ਗਏ",
  "cow_id" : "ਗਊ ਪਛਾਣ",
  "click_here" : "ਇੱਥੇ ਛੁਹੋ",
  "submit" : "ਜਮ੍ਹਾਂ ਕਰੋ",
  "select_start_epoch" : "ਸ਼ੁਰੂਆਤੀ ਮਿਤੀ ਅਤੇ ਸਮਾਂ ਚੁਣੋ",
  "select_end_epoch" : "ਸਮਾਪਤੀ ਮਿਤੀ ਅਤੇ ਸਮਾਂ ਚੁਣੋ",
  "cow_activity_data" : "ਗਊ ਗਤੀਵਿਧੀ ਡੇਟਾ",
  "start_timestamp" : "ਸ਼ੁਰੂਆਤੀ ਸਮਾਂ",
  "end_timestamp" : "ਸਮਾਪਤੀ ਸਮਾਂ",
  "activity" : "ਗਤੀਵਿਧੀ",
  "fetched_data" : "ਪ੍ਰਾਪਤ ਕੀਤੀ ਜਾਣਕਾਰੀ",
  "my_cows" : "ਮੇਰੀਆਂ ਗਾਵਾਂ",
  "page" : "ਪੰਨਾ",

  "res": "ਖੜ੍ਹੇ ਹੋ ਕੇ ਆਰਾਮ ਕਰਨਾ",
  "rus" : "ਖੜ੍ਹੇ ਹੋ ਕੇ ਰੌਲਾ-ਰੱਪਾ",
  "mov": "ਚੱਲ ਰਿਹਾ ਹੈ",
  "fep": "ਖਿਲਾਉਣਾ",
  "drn" : "ਪੀਣਾ",
  "lck": "ਚੱਟਣਾ",
  "rel": "ਝੂਠ ਬੋਲ ਕੇ ਆਰਾਮ ਕਰਨਾ",
  "uri": "ਪਿਸ਼ਾਬ ਕਰਨਾ",
  "def" : "ਸ਼ੌਚ ਕਰਨਾ",
  "att" : "ਹਮਲਾ ਕਰ ਰਿਹਾ ਹੈ"


    
}